{
  "Providus Pay - Merchant Portal" : {
    "transaction" : "Providus Pay - Merchant Portal",
    "sampleCount" : 10000,
    "errorCount" : 38,
    "errorPct" : 0.38,
    "meanResTime" : 12.032799999999984,
    "medianResTime" : 9.0,
    "minResTime" : 5.0,
    "maxResTime" : 3013.0,
    "pct1ResTime" : 11.0,
    "pct2ResTime" : 13.0,
    "pct3ResTime" : 28.0,
    "throughput" : 16.66788897852509,
    "receivedKBytesPerSec" : 15.120140385815793,
    "sentKBytesPerSec" : 2.115617384858223
  },
  "Total" : {
    "transaction" : "Total",
    "sampleCount" : 10000,
    "errorCount" : 38,
    "errorPct" : 0.38,
    "meanResTime" : 12.032799999999984,
    "medianResTime" : 9.0,
    "minResTime" : 5.0,
    "maxResTime" : 3013.0,
    "pct1ResTime" : 11.0,
    "pct2ResTime" : 13.0,
    "pct3ResTime" : 28.0,
    "throughput" : 16.66788897852509,
    "receivedKBytesPerSec" : 15.120140385815793,
    "sentKBytesPerSec" : 2.115617384858223
  }
}